{
    "Nx": 4096,
    "NZ": 3072,
    "timestep": 0.002777777777777778,
    "Lx": 1.0,
    "LZ": 0.25,
    "ky": 6.283185307179586,
    "Fr": 0.025,
    "Gamma": 0.1,
    "dNdZ": 0,
    "eta": 1e-09,
    "eta_x": 1e-09,
    "kb": 6.283185307179586,
    "Z0": 0.225,
    "deltaZ": 0.00416667,
    "T": 1,
    "s": 0.0125,
    "sB": 0.00416667,
    "deltaZB": 0.00104167,
    "hyperdiffusion": false
}